,Braid,Epoch,Step,Reward,Action_list
0,[ 2 -1 -3  4 -1  2 -4  1 -2  4 -3 -4],6,20,-0.87,"[8, 8, 8, 8, 8, 8, 8, 8, 8, 8, 8, 8, 8, 1, 8, 8, 8, 8, 8, 8, 8, 8, 8, 8, 10, 8, 5, 0, 8, 8, 8, 8, 8, 8, 8, 10, 8, 8, 8, 8, 10, 8, 8, 10, 8, 8, 8, 8, 8, 8, 8, 8, 8, 8, 8, 8, 8, 8, 8, 9, 8, 8, 8, 10, 0, 8, 8, 8, 8, 1, 8, 10, 8, 8, 8, 8, 10, 8, 10, 8, 8, 10, 8, 9, 8, 1, 8, 1, 8, 8, 8, 8, 8, 8, 8, 8, 3, 8, 8, 8, 8, 8, 8, 8, 1, 8, 8, 8, 8, 8, 8, 10, 8, 8, 8, 8, 8, 1, 8, 0, 8, 8, 8, 8, 8, 10, 8, 8, 8, 8, 9, 8, 8, 10, 8, 8, 8, 8, 10, 8, 8, 10, 8, 8, 8, 8, 8, 10, 8, 8, 8, 8, 8, 1, 8, 8, 8, 8, 8, 8, 8, 10, 8, 8, 8, 9, 8, 8, 8, 8, 8, 8, 9, 8, 8, 8, 10, 8, 8, 8, 9, 8, 8, 8, 8, 8, 0]"
0,[ 2 -1 -3  4 -1  2 -4  1 -2  4 -3 -4],7,22,0.09,"[1, 8, 8, 8, 8, 8, 0, 1, 1, 8, 8, 10, 8, 8, 8, 8, 8, 8, 8, 8, 8, 8, 10, 8, 10, 8, 8, 8, 8, 8, 8, 8, 8, 8, 8, 0, 8, 8, 8, 8, 8, 8, 3, 8, 8, 8, 8, 1, 8, 8, 8, 0, 8, 8, 8, 8, 8, 8, 8, 8, 10, 8, 8, 10, 8, 8, 8, 8, 8, 8, 8, 1, 8, 8, 8, 8, 8, 8, 8, 8, 8, 8, 8, 10, 8, 8, 8, 8, 8, 8, 0]"
0,[ 2 -1 -3  4 -1  2 -4  1 -2  4 -3 -4],7,41,-0.43,"[1, 8, 9, 8, 8, 8, 8, 8, 8, 10, 9, 8, 8, 8, 8, 8, 8, 8, 8, 8, 8, 8, 0, 8, 8, 8, 1, 8, 8, 10, 8, 8, 8, 8, 10, 8, 8, 8, 8, 8, 10, 8, 8, 8, 8, 10, 8, 10, 8, 1, 8, 5, 10, 8, 8, 10, 0, 8, 8, 9, 8, 8, 8, 1, 8, 8, 8, 8, 8, 8, 3, 8, 8, 8, 8, 8, 8, 8, 1, 8, 8, 8, 8, 10, 8, 8, 8, 10, 8, 0, 8, 8, 8, 8, 8, 8, 10, 9, 10, 8, 2, 10, 8, 8, 8, 8, 8, 9, 8, 1, 8, 8, 8, 8, 1, 9, 8, 1, 8, 8, 10, 8, 8, 8, 8, 8, 8, 8, 8, 8, 8, 8, 8, 8, 8, 8, 8, 8, 9, 8, 8, 8, 0]"
0,[ 2 -1 -3  4 -1  2 -4  1 -2  4 -3 -4],8,23,-0.93,"[1, 8, 8, 8, 8, 8, 8, 9, 8, 3, 8, 8, 8, 8, 8, 8, 8, 8, 8, 8, 8, 8, 8, 8, 8, 10, 8, 8, 8, 8, 8, 8, 8, 8, 8, 8, 8, 8, 8, 8, 1, 8, 1, 8, 8, 8, 8, 8, 8, 8, 8, 10, 8, 8, 8, 8, 8, 8, 8, 8, 8, 1, 8, 8, 8, 8, 8, 8, 8, 8, 8, 8, 8, 1, 10, 9, 8, 8, 8, 8, 8, 8, 8, 1, 8, 8, 8, 8, 9, 8, 9, 8, 8, 8, 8, 8, 8, 8, 8, 8, 8, 1, 8, 8, 8, 8, 8, 8, 8, 8, 8, 8, 8, 8, 1, 8, 8, 8, 8, 8, 8, 8, 8, 8, 8, 8, 8, 0, 8, 8, 9, 8, 8, 8, 8, 8, 8, 8, 1, 8, 8, 8, 8, 9, 8, 8, 8, 8, 8, 8, 3, 10, 8, 8, 8, 8, 8, 8, 8, 8, 8, 8, 8, 8, 8, 1, 8, 8, 1, 8, 8, 8, 9, 8, 10, 8, 9, 10, 8, 8, 8, 8, 0, 8, 0, 8, 8, 8, 8, 9, 1, 8, 0]"
0,[ 2 -1 -3  4 -1  2 -4  1 -2  4 -3 -4],8,86,-0.65,"[1, 8, 8, 8, 8, 8, 8, 8, 8, 8, 8, 8, 8, 8, 8, 8, 8, 8, 8, 8, 8, 8, 8, 8, 8, 1, 8, 8, 8, 8, 8, 8, 8, 8, 10, 0, 8, 1, 10, 8, 8, 8, 8, 8, 8, 0, 3, 10, 8, 8, 1, 8, 8, 8, 8, 8, 0, 8, 8, 8, 8, 8, 8, 8, 8, 8, 8, 8, 8, 8, 8, 8, 8, 8, 8, 8, 8, 1, 8, 8, 9, 8, 8, 8, 8, 8, 8, 8, 8, 8, 8, 8, 8, 8, 8, 9, 8, 8, 10, 8, 8, 1, 10, 8, 8, 8, 9, 8, 8, 8, 8, 8, 8, 8, 2, 8, 1, 8, 8, 8, 10, 8, 8, 8, 8, 8, 8, 8, 8, 8, 8, 9, 8, 8, 8, 9, 8, 8, 8, 1, 8, 10, 8, 8, 8, 8, 8, 8, 8, 8, 8, 8, 8, 8, 8, 8, 9, 8, 8, 8, 9, 8, 8, 8, 0]"
0,[ 1  2 -1  2  1  2  1  2  2  2  1 -2],10,30,-6.97,"[1, 1, 8, 8, 9, 8, 0, 8, 8, 8, 8, 8, 8, 8, 8, 8, 0, 8, 8, 8, 8, 8, 8, 8, 1, 8, 8, 8, 8, 8, 8, 10, 8, 8, 8, 5, 8, 1, 8, 8, 8, 8, 8, 8, 8, 8, 9, 1, 1, 9, 8, 1, 8, 8, 8, 9, 8, 8, 8, 8, 8, 8, 9, 8, 8, 8, 8, 8, 8, 8, 8, 8, 1, 8, 8, 9, 9, 8, 8, 8, 8, 8, 8, 8, 8, 8, 8, 8, 9, 8, 8, 8, 1, 8, 9, 10, 8, 8, 8, 8, 8, 8, 8, 8, 8, 0, 8, 8, 0, 8, 8, 8, 0, 8, 8, 9, 8, 9, 8, 8, 8, 8, 8, 8, 8, 8, 8, 8, 8, 8, 8, 8, 1, 8, 8, 8, 8, 9, 8, 8, 8, 8, 8, 8, 10, 8, 8, 9, 8, 8, 10, 8, 8, 8, 8, 8, 8, 8, 8, 8, 8, 8, 8, 8, 8, 8, 8, 8, 1, 8, 8, 8, 8, 8, 8, 9, 8, 0, 0, 8, 8, 8, 8, 8, 8, 8, 8, 8, 8, 8, 8, 8, 8, 9, 8, 8, 0]"
0,[ 1  2 -1  2  1  2  1  2  2  2  1 -2],10,65,-6.38,"[8, 0, 0, 8, 8, 8, 8, 8, 8, 8, 8, 8, 8, 8, 10, 8, 8, 8, 8, 9, 8, 8, 8, 8, 8, 8, 10, 8, 8, 8, 8, 8, 9, 8, 8, 8, 8, 8, 9, 8, 8, 8, 8, 8, 8, 8, 8, 8, 8, 8, 9, 8, 8, 0, 9, 9, 8, 8, 8, 8, 0, 8, 9, 8, 8, 8, 8, 8, 8, 8, 8, 8, 8, 8, 8, 8, 8, 8, 8, 8, 8, 8, 0, 8, 8, 9, 8, 8, 8, 8, 8, 8, 8, 8, 10, 8, 8, 8, 8, 8, 8, 0, 8, 8, 8, 1, 8, 8, 8, 8, 8, 8, 1, 8, 8, 8, 8, 8, 8, 8, 9, 8, 8, 8, 8, 8, 9, 10, 8, 8, 8, 8, 8, 0, 3, 10, 8, 0]"
0,[ 1  2 -1  2  1  2  1  2  2  2  1 -2],10,94,-5.91,"[0, 8, 8, 8, 8, 10, 8, 8, 8, 8, 10, 0, 8, 0, 2, 1, 8, 8, 8, 8, 8, 10, 8, 9, 8, 8, 8, 9, 8, 10, 8, 8, 8, 8, 8, 8, 10, 8, 8, 8, 0, 8, 8, 8, 10, 8, 0, 8, 0, 8, 8, 8, 8, 10, 8, 8, 9, 8, 8, 8, 8, 8, 8, 8, 9, 8, 8, 8, 8, 8, 9, 8, 8, 8, 8, 8, 8, 8, 0, 8, 1, 1, 8, 8, 8, 9, 8, 9, 8, 8, 0]"
0,[ 1  2 -1  2  1  2  1  2  2  2  1 -2],11,4,-6.78,"[8, 8, 8, 8, 8, 8, 8, 0, 8, 8, 1, 8, 8, 8, 8, 8, 8, 8, 8, 0, 8, 9, 8, 8, 8, 8, 5, 8, 8, 8, 8, 8, 10, 8, 8, 8, 0, 8, 8, 8, 8, 8, 8, 8, 10, 8, 8, 8, 10, 8, 8, 8, 8, 8, 8, 8, 8, 8, 10, 8, 8, 8, 8, 1, 8, 8, 1, 8, 8, 8, 8, 8, 8, 8, 8, 8, 8, 8, 8, 8, 8, 8, 1, 8, 8, 8, 8, 8, 8, 9, 8, 8, 8, 8, 1, 8, 8, 8, 8, 8, 8, 8, 10, 8, 8, 8, 10, 8, 8, 8, 1, 8, 8, 8, 8, 8, 1, 10, 8, 9, 8, 9, 8, 8, 8, 1, 8, 9, 8, 10, 8, 8, 1, 9, 8, 8, 8, 9, 8, 0, 8, 8, 10, 9, 8, 8, 8, 8, 8, 1, 10, 8, 8, 0, 8, 8, 8, 8, 8, 8, 9, 9, 0, 9, 8, 8, 8, 0, 8, 1, 8, 8, 8, 1, 8, 8, 8, 0]"
0,[ 1  2 -1  2  1  2  1  2  2  2  1 -2],11,60,-6.89,"[8, 8, 10, 10, 8, 8, 8, 8, 8, 8, 3, 9, 8, 8, 8, 9, 8, 8, 8, 8, 8, 8, 8, 9, 9, 9, 8, 8, 8, 8, 8, 8, 8, 8, 8, 10, 8, 8, 8, 8, 8, 8, 8, 8, 10, 8, 8, 9, 8, 8, 8, 3, 8, 8, 8, 8, 8, 8, 0, 10, 8, 8, 8, 9, 8, 1, 9, 8, 8, 8, 8, 1, 8, 8, 8, 8, 8, 10, 8, 8, 8, 10, 10, 8, 10, 8, 8, 1, 8, 8, 8, 8, 1, 8, 8, 8, 8, 8, 8, 8, 8, 9, 8, 8, 8, 10, 8, 8, 8, 8, 8, 8, 8, 9, 8, 8, 9, 8, 8, 8, 8, 8, 8, 8, 8, 8, 8, 8, 8, 8, 8, 8, 8, 8, 8, 8, 8, 8, 8, 8, 8, 0, 8, 10, 8, 8, 8, 8, 8, 8, 8, 8, 8, 0, 9, 8, 8, 8, 0, 8, 8, 0, 8, 8, 8, 8, 8, 8, 8, 8, 8, 8, 8, 0, 1, 10, 8, 0, 8, 9, 8, 8, 8, 8, 9, 9, 8, 8, 0]"
0,[ 1  2 -1  2  1  2  1  2  2  2  1 -2],11,73,-6.8,"[10, 8, 8, 8, 8, 8, 8, 1, 8, 8, 10, 8, 8, 8, 8, 8, 8, 8, 9, 9, 1, 8, 8, 8, 8, 8, 1, 8, 1, 8, 8, 8, 8, 8, 8, 8, 8, 8, 8, 8, 8, 8, 8, 8, 8, 9, 8, 8, 8, 10, 8, 10, 8, 8, 8, 8, 8, 0, 8, 8, 8, 8, 8, 8, 8, 8, 8, 8, 9, 8, 1, 0, 8, 8, 8, 1, 8, 8, 8, 8, 9, 8, 8, 8, 8, 8, 8, 8, 8, 8, 8, 8, 0, 8, 8, 8, 10, 8, 8, 8, 8, 8, 8, 10, 8, 10, 8, 8, 8, 9, 8, 8, 8, 8, 8, 8, 8, 8, 8, 8, 8, 8, 9, 9, 8, 8, 8, 8, 8, 8, 1, 8, 8, 8, 8, 8, 0, 10, 0, 8, 8, 8, 8, 8, 8, 10, 8, 8, 8, 8, 10, 8, 8, 8, 8, 8, 8, 8, 9, 1, 8, 8, 0, 8, 8, 0, 8, 8, 8, 8, 8, 8, 8, 8, 9, 8, 8, 8, 8, 0]"
0,[ 1  2 -1  2  1  2  1  2  2  2  1 -2],12,9,-6.63,"[8, 0, 8, 8, 8, 8, 8, 8, 8, 8, 8, 8, 3, 8, 8, 8, 8, 9, 8, 1, 8, 8, 8, 9, 8, 8, 8, 10, 8, 8, 8, 8, 8, 8, 0, 8, 8, 8, 0, 8, 8, 8, 8, 8, 8, 8, 8, 10, 8, 8, 8, 8, 8, 10, 8, 8, 10, 9, 1, 8, 9, 8, 8, 8, 8, 8, 8, 8, 10, 8, 8, 8, 8, 8, 8, 10, 1, 8, 8, 8, 8, 8, 8, 8, 8, 8, 8, 8, 0, 8, 0, 8, 8, 8, 8, 8, 8, 8, 8, 8, 8, 5, 8, 8, 8, 8, 8, 8, 8, 8, 3, 8, 8, 8, 9, 8, 9, 8, 8, 8, 9, 8, 8, 10, 8, 9, 8, 8, 8, 8, 8, 0, 10, 8, 9, 9, 8, 8, 8, 8, 0, 8, 8, 8, 8, 8, 8, 1, 8, 10, 8, 8, 8, 8, 1, 8, 8, 8, 8, 8, 8, 8, 0]"
0,[ 1  2 -1  2  1  2  1  2  2  2  1 -2],12,30,-6.3,"[8, 8, 8, 8, 8, 8, 8, 8, 10, 8, 8, 8, 8, 8, 3, 8, 0, 10, 8, 8, 8, 8, 3, 10, 8, 0, 3, 8, 8, 8, 8, 8, 8, 8, 8, 8, 0, 8, 8, 8, 8, 10, 9, 8, 8, 9, 1, 8, 8, 8, 8, 8, 8, 8, 8, 8, 8, 8, 8, 8, 8, 9, 8, 9, 8, 8, 1, 8, 8, 8, 8, 8, 1, 8, 10, 8, 8, 8, 0, 8, 8, 8, 8, 10, 8, 8, 8, 9, 8, 8, 8, 8, 9, 8, 8, 8, 8, 8, 8, 8, 8, 8, 8, 8, 8, 8, 8, 8, 0, 8, 8, 10, 10, 9, 8, 8, 8, 8, 0, 8, 8, 8, 0, 8, 8, 8, 10, 8, 8, 0]"
0,[ 1  2 -1  2  1  2  1  2  2  2  1 -2],12,54,-6.76,"[8, 9, 8, 9, 8, 8, 8, 8, 8, 8, 8, 8, 0, 8, 8, 8, 8, 8, 8, 8, 1, 8, 8, 8, 8, 8, 8, 8, 8, 9, 8, 8, 0, 8, 8, 8, 8, 8, 8, 8, 10, 9, 1, 8, 8, 8, 8, 8, 8, 8, 8, 8, 8, 1, 8, 8, 8, 8, 8, 8, 8, 8, 2, 8, 8, 8, 8, 0, 0, 8, 10, 8, 9, 8, 8, 8, 8, 8, 8, 8, 8, 8, 8, 8, 8, 8, 8, 8, 8, 8, 1, 8, 8, 8, 10, 8, 8, 8, 8, 8, 8, 8, 8, 8, 1, 8, 8, 8, 8, 1, 8, 8, 10, 8, 10, 8, 10, 8, 8, 0, 8, 10, 10, 8, 8, 8, 8, 8, 8, 8, 8, 8, 8, 0, 8, 8, 8, 8, 8, 8, 8, 8, 8, 8, 8, 0, 8, 8, 8, 8, 8, 8, 8, 1, 8, 8, 8, 8, 8, 8, 8, 8, 3, 9, 8, 8, 8, 8, 8, 8, 8, 8, 8, 8, 8, 0]"
0,[ 1  2 -1  2  1  2  1  2  2  2  1 -2],12,58,-6.81,"[8, 8, 8, 10, 8, 8, 8, 8, 9, 9, 8, 8, 9, 8, 1, 8, 8, 8, 8, 8, 8, 8, 8, 8, 0, 8, 8, 1, 8, 8, 8, 8, 8, 3, 8, 8, 8, 8, 8, 8, 8, 8, 8, 8, 8, 8, 8, 8, 8, 8, 8, 8, 9, 8, 8, 8, 1, 8, 8, 0, 9, 8, 8, 0, 8, 8, 8, 8, 8, 9, 8, 8, 10, 8, 8, 8, 8, 8, 0, 8, 8, 8, 10, 8, 2, 8, 8, 8, 8, 8, 8, 8, 1, 0, 8, 8, 8, 8, 8, 8, 8, 8, 8, 8, 8, 8, 8, 9, 8, 10, 8, 8, 8, 8, 10, 8, 8, 8, 8, 9, 8, 8, 8, 8, 8, 8, 8, 8, 8, 8, 8, 8, 1, 8, 8, 8, 8, 8, 8, 8, 8, 8, 8, 8, 9, 8, 8, 8, 8, 8, 8, 8, 8, 8, 1, 8, 8, 10, 8, 9, 8, 8, 1, 8, 8, 8, 8, 8, 8, 0, 8, 8, 8, 8, 0, 8, 8, 8, 8, 8, 0]"
0,[ 1  2 -1  2  1  2  1  2  2  2  1 -2],12,74,-6.74,"[8, 8, 0, 8, 8, 8, 8, 8, 8, 8, 8, 8, 8, 8, 8, 8, 8, 8, 8, 8, 8, 8, 8, 8, 9, 9, 8, 8, 8, 9, 1, 8, 8, 8, 8, 8, 8, 8, 8, 8, 8, 8, 8, 9, 9, 8, 8, 8, 8, 10, 9, 8, 8, 8, 8, 9, 8, 8, 8, 8, 9, 8, 8, 8, 8, 8, 8, 8, 8, 8, 8, 8, 8, 8, 8, 1, 8, 10, 8, 8, 9, 8, 8, 8, 0, 8, 8, 8, 8, 9, 8, 10, 8, 8, 8, 8, 8, 8, 0, 8, 9, 0, 8, 8, 8, 8, 8, 8, 1, 8, 8, 8, 8, 8, 8, 8, 8, 8, 8, 8, 8, 8, 8, 8, 8, 8, 9, 9, 0, 10, 8, 8, 8, 8, 8, 9, 8, 8, 8, 8, 0, 8, 8, 9, 9, 8, 8, 8, 8, 1, 8, 8, 8, 0, 9, 8, 8, 8, 1, 8, 8, 8, 8, 8, 10, 8, 8, 8, 8, 8, 8, 8, 8, 0]"
0,[ 1  2 -1  2  1  2  1  2  2  2  1 -2],12,79,-6.87,"[8, 8, 8, 8, 8, 8, 8, 8, 8, 8, 8, 8, 8, 8, 8, 8, 8, 8, 9, 8, 8, 8, 1, 9, 8, 9, 8, 8, 8, 0, 9, 8, 8, 1, 2, 8, 8, 8, 8, 1, 8, 8, 8, 8, 8, 1, 9, 8, 8, 8, 8, 8, 8, 9, 8, 0, 8, 8, 8, 8, 8, 0, 10, 8, 8, 8, 8, 8, 1, 8, 8, 9, 8, 9, 8, 9, 8, 8, 8, 1, 8, 8, 10, 8, 0, 8, 8, 1, 8, 9, 8, 8, 8, 8, 10, 8, 8, 9, 8, 8, 8, 8, 8, 8, 8, 8, 8, 8, 8, 8, 8, 10, 0, 9, 0, 8, 9, 8, 8, 8, 9, 1, 0, 9, 8, 8, 8, 8, 8, 8, 10, 9, 9, 8, 8, 8, 8, 8, 8, 8, 8, 8, 8, 8, 9, 9, 8, 8, 8, 8, 8, 8, 8, 10, 8, 8, 8, 9, 8, 8, 8, 8, 8, 8, 8, 8, 8, 9, 8, 9, 10, 8, 8, 8, 8, 8, 8, 8, 8, 8, 8, 8, 8, 8, 8, 8, 0]"
0,[ 1  2 -1  2  1  2  1  2  2  2  1 -2],12,84,-6.9,"[8, 8, 1, 8, 1, 8, 8, 8, 10, 8, 9, 8, 8, 10, 8, 8, 10, 8, 8, 8, 8, 8, 10, 8, 10, 8, 8, 8, 8, 8, 8, 8, 8, 8, 8, 1, 8, 8, 8, 8, 8, 8, 8, 8, 8, 8, 9, 8, 0, 10, 8, 8, 8, 8, 8, 8, 9, 8, 8, 1, 8, 8, 8, 8, 8, 0, 8, 8, 8, 8, 8, 8, 8, 8, 10, 8, 8, 0, 8, 8, 8, 8, 8, 8, 10, 8, 10, 8, 10, 10, 8, 8, 8, 8, 9, 8, 10, 0, 1, 8, 8, 1, 8, 0, 9, 10, 8, 8, 8, 8, 8, 8, 8, 8, 10, 10, 8, 8, 10, 8, 10, 8, 8, 8, 8, 8, 10, 8, 1, 1, 8, 8, 9, 8, 8, 8, 8, 8, 8, 0, 8, 0, 8, 8, 8, 8, 8, 8, 8, 8, 8, 9, 8, 8, 8, 8, 8, 8, 9, 8, 8, 8, 8, 8, 8, 8, 8, 8, 8, 8, 8, 8, 8, 8, 10, 8, 8, 8, 8, 8, 8, 8, 8, 8, 1, 8, 8, 8, 8, 0]"
0,[ 1  2 -1  2  1  2  1  2  2  2  1 -2],12,90,-6.9,"[8, 8, 8, 8, 8, 8, 8, 8, 8, 8, 8, 8, 10, 8, 8, 8, 8, 8, 8, 8, 8, 8, 8, 8, 8, 9, 8, 8, 8, 8, 8, 8, 8, 8, 8, 9, 8, 8, 8, 0, 8, 8, 8, 8, 8, 8, 8, 8, 9, 9, 8, 0, 8, 8, 8, 8, 8, 8, 8, 8, 8, 8, 8, 1, 8, 8, 8, 8, 8, 8, 8, 8, 0, 8, 8, 9, 8, 8, 0, 1, 9, 8, 8, 8, 8, 8, 9, 8, 8, 8, 8, 8, 8, 8, 8, 1, 8, 0, 8, 8, 8, 1, 9, 8, 1, 8, 8, 8, 8, 8, 8, 8, 8, 8, 8, 8, 8, 8, 8, 0, 8, 8, 8, 10, 8, 8, 8, 8, 8, 8, 8, 8, 8, 8, 8, 8, 8, 8, 0, 8, 8, 8, 8, 8, 8, 8, 8, 8, 9, 8, 8, 8, 8, 10, 8, 8, 8, 9, 8, 9, 8, 8, 9, 8, 8, 8, 8, 8, 8, 8, 8, 8, 8, 9, 8, 8, 8, 8, 8, 8, 8, 8, 8, 8, 8, 8, 8, 9, 8, 0]"
0,[ 1  2 -1  2  1  2  1  2  2  2  1 -2],13,2,-6.98,"[0, 8, 8, 10, 8, 8, 8, 8, 8, 8, 8, 9, 8, 8, 8, 8, 8, 8, 8, 8, 8, 8, 8, 10, 8, 8, 9, 8, 8, 8, 8, 8, 8, 0, 8, 8, 0, 8, 8, 10, 8, 10, 8, 8, 1, 1, 8, 8, 8, 8, 8, 8, 10, 8, 8, 8, 10, 8, 10, 8, 8, 8, 8, 8, 8, 8, 1, 8, 8, 3, 9, 10, 8, 8, 8, 8, 8, 8, 8, 8, 8, 1, 9, 8, 8, 8, 8, 8, 8, 9, 8, 8, 8, 1, 8, 8, 8, 10, 9, 8, 10, 8, 8, 8, 8, 8, 8, 8, 10, 8, 8, 0, 8, 8, 8, 8, 8, 8, 8, 8, 8, 8, 9, 8, 8, 9, 8, 8, 8, 8, 8, 1, 8, 8, 9, 8, 8, 8, 8, 8, 8, 8, 8, 8, 8, 1, 8, 8, 8, 8, 8, 8, 8, 8, 8, 8, 8, 8, 10, 8, 0, 0, 8, 8, 9, 8, 10, 1, 8, 8, 8, 8, 8, 8, 8, 9, 8, 8, 8, 8, 8, 8, 8, 8, 8, 8, 9, 0, 8, 1, 9, 8, 3, 8, 8, 8, 9, 0]"
0,[ 1  2 -1  2  1  2  1  2  2  2  1 -2],13,6,-5.6,"[10, 8, 8, 8, 1, 8, 8, 0, 1, 8, 8, 8, 9, 0, 8, 8, 8, 1, 1, 8, 1, 8, 1, 8, 8, 0, 0, 8, 8, 8, 8, 8, 8, 8, 8, 8, 8, 8, 8, 8, 8, 8, 8, 8, 8, 8, 8, 9, 8, 0, 8, 8, 9, 8, 8, 8, 0, 0, 8, 0]"
0,[ 1  2 -1  2  1  2  1  2  2  2  1 -2],13,7,-6.79,"[8, 10, 8, 8, 8, 8, 8, 10, 8, 8, 8, 8, 8, 10, 8, 8, 8, 8, 8, 8, 8, 8, 8, 8, 8, 8, 8, 0, 8, 8, 8, 8, 8, 9, 10, 8, 8, 8, 8, 8, 8, 8, 8, 8, 8, 8, 8, 8, 1, 10, 8, 8, 8, 8, 8, 8, 8, 9, 8, 8, 8, 0, 8, 8, 8, 9, 9, 8, 8, 8, 8, 8, 8, 8, 8, 8, 8, 8, 8, 8, 8, 8, 0, 8, 8, 10, 9, 8, 8, 8, 8, 8, 9, 10, 8, 8, 8, 8, 8, 8, 8, 8, 8, 8, 8, 8, 8, 8, 8, 8, 8, 8, 8, 8, 8, 8, 8, 8, 8, 0, 8, 8, 9, 8, 8, 0, 8, 8, 8, 8, 8, 8, 8, 8, 8, 8, 8, 8, 8, 8, 8, 8, 8, 10, 8, 0, 8, 9, 8, 8, 8, 8, 8, 9, 0, 10, 8, 8, 8, 8, 8, 8, 8, 8, 8, 8, 9, 8, 8, 8, 8, 8, 8, 8, 8, 8, 8, 1, 0]"
0,[ 1  2 -1  2  1  2  1  2  2  2  1 -2],13,8,-6.75,"[8, 8, 8, 8, 8, 8, 8, 10, 8, 8, 8, 8, 8, 8, 10, 8, 8, 8, 8, 8, 8, 8, 8, 8, 8, 8, 8, 8, 8, 10, 8, 8, 8, 10, 8, 8, 8, 8, 8, 0, 8, 8, 8, 0, 8, 8, 8, 0, 8, 8, 8, 8, 8, 8, 8, 9, 8, 8, 9, 8, 9, 8, 8, 8, 1, 8, 8, 8, 8, 8, 8, 8, 8, 10, 8, 8, 8, 8, 8, 0, 8, 8, 9, 8, 1, 8, 8, 8, 8, 8, 0, 8, 8, 9, 8, 8, 8, 8, 8, 8, 9, 8, 0, 10, 10, 8, 8, 8, 8, 8, 8, 8, 8, 8, 8, 8, 10, 1, 10, 10, 0, 8, 8, 8, 8, 8, 8, 8, 8, 8, 8, 10, 8, 8, 9, 10, 10, 8, 8, 9, 8, 8, 8, 8, 8, 8, 1, 10, 8, 8, 8, 8, 8, 8, 8, 8, 8, 8, 8, 8, 8, 8, 8, 8, 8, 8, 8, 8, 1, 8, 9, 8, 8, 8, 0]"
0,[ 1  2 -1  2  1  2  1  2  2  2  1 -2],13,9,-6.83,"[8, 8, 8, 8, 8, 8, 8, 8, 8, 8, 8, 8, 8, 9, 8, 8, 8, 8, 8, 8, 8, 8, 8, 8, 8, 8, 8, 8, 8, 8, 8, 8, 8, 8, 8, 1, 8, 8, 8, 8, 8, 8, 10, 8, 8, 8, 10, 8, 8, 8, 8, 8, 8, 8, 3, 8, 8, 8, 8, 8, 8, 8, 8, 9, 9, 8, 8, 8, 8, 9, 8, 8, 8, 0, 8, 8, 1, 8, 0, 8, 8, 1, 8, 8, 1, 8, 8, 8, 8, 8, 8, 8, 8, 8, 8, 8, 8, 8, 8, 8, 8, 10, 8, 8, 8, 8, 8, 0, 8, 8, 10, 8, 1, 8, 8, 8, 8, 8, 10, 8, 8, 8, 8, 8, 8, 8, 8, 8, 8, 8, 10, 8, 8, 8, 0, 8, 8, 8, 8, 1, 8, 8, 8, 8, 8, 8, 8, 8, 10, 8, 8, 9, 8, 0, 8, 8, 8, 8, 9, 8, 8, 8, 8, 8, 8, 8, 8, 8, 8, 8, 0, 9, 8, 8, 8, 8, 8, 8, 8, 8, 8, 0, 0]"
0,[ 1  2 -1  2  1  2  1  2  2  2  1 -2],13,14,-6.65,"[8, 8, 8, 8, 9, 8, 9, 8, 9, 8, 8, 8, 8, 8, 8, 8, 10, 8, 9, 8, 8, 8, 8, 8, 9, 8, 9, 8, 8, 8, 10, 8, 9, 8, 1, 8, 9, 8, 8, 9, 0, 8, 8, 8, 8, 8, 8, 8, 8, 8, 0, 8, 1, 1, 8, 8, 8, 8, 8, 9, 8, 8, 8, 8, 8, 8, 8, 8, 8, 9, 8, 8, 8, 8, 8, 0, 8, 8, 8, 8, 8, 8, 8, 8, 8, 9, 9, 8, 8, 0, 8, 8, 8, 8, 8, 8, 8, 8, 8, 8, 8, 8, 8, 0, 8, 8, 1, 8, 8, 9, 8, 8, 8, 8, 1, 0, 8, 8, 10, 8, 8, 8, 8, 8, 8, 8, 8, 10, 8, 8, 8, 8, 9, 8, 8, 8, 9, 8, 8, 8, 8, 8, 8, 0, 8, 8, 8, 10, 8, 8, 9, 9, 8, 8, 8, 8, 8, 8, 8, 9, 8, 8, 8, 8, 0]"
0,[ 3  2 -3 -2  3  1  2  1  3  3  3],13,22,-4.53,"[1, 8, 10, 8, 8, 8, 8, 8, 8, 8, 0, 8, 8, 8, 8, 8, 8, 9, 8, 8, 8, 8, 8, 8, 8, 8, 8, 8, 8, 8, 8, 0, 8, 8, 1, 8, 8, 8, 8, 8, 9, 1, 8, 8, 8, 8, 8, 8, 8, 8, 8, 8, 8, 8, 8, 9, 8, 6, 8, 8, 8, 8, 9, 8, 8, 8, 8, 0, 8, 8, 8, 8, 8, 8, 8, 8, 8, 8, 8, 9, 8, 8, 8, 8, 8, 0, 8, 8, 8, 8, 1, 8, 8, 8, 8, 8, 9, 8, 0, 8, 8, 8, 8, 8, 9, 8, 8, 8, 8, 8, 8, 8, 8, 8, 8, 1, 10, 8, 9, 9, 8, 8, 0, 8, 8, 8, 8, 8, 8, 8, 8, 8, 8, 8, 8, 8, 8, 8, 10, 8, 8, 8, 10, 8, 9, 8, 8, 8, 8, 8, 8, 8, 0]"
0,[ 3  2 -3 -2  3  1  2  1  3  3  3],13,27,-4.17,"[8, 8, 8, 8, 10, 8, 1, 8, 8, 8, 8, 8, 0, 8, 8, 0, 8, 8, 8, 8, 10, 8, 1, 8, 8, 8, 8, 8, 8, 8, 1, 8, 9, 8, 8, 0, 8, 8, 8, 8, 8, 8, 8, 8, 8, 8, 8, 8, 10, 8, 10, 8, 8, 8, 8, 8, 8, 9, 10, 8, 8, 10, 8, 8, 8, 8, 8, 0, 8, 8, 8, 8, 8, 8, 0, 8, 8, 8, 8, 8, 8, 8, 8, 8, 8, 8, 8, 8, 8, 8, 8, 8, 0, 8, 8, 8, 8, 8, 8, 8, 8, 8, 8, 8, 8, 1, 8, 8, 10, 10, 1, 8, 8, 8, 8, 8, 0]"
0,[ 3  2 -3 -2  3  1  2  1  3  3  3],13,33,-4.83,"[8, 8, 9, 8, 8, 8, 8, 8, 8, 8, 8, 8, 8, 8, 8, 8, 8, 8, 8, 8, 8, 8, 8, 8, 3, 8, 8, 8, 8, 8, 8, 8, 10, 8, 8, 8, 1, 8, 8, 8, 8, 8, 8, 8, 8, 8, 8, 8, 8, 8, 9, 8, 8, 10, 10, 8, 8, 8, 8, 8, 8, 8, 8, 8, 8, 8, 8, 8, 8, 8, 8, 8, 8, 0, 8, 8, 8, 8, 8, 8, 8, 9, 8, 8, 8, 8, 8, 8, 9, 9, 8, 8, 10, 8, 8, 8, 8, 8, 8, 8, 9, 8, 8, 8, 8, 8, 10, 8, 0, 8, 8, 8, 8, 8, 8, 8, 10, 8, 8, 8, 8, 8, 1, 8, 8, 8, 8, 8, 8, 8, 8, 8, 8, 8, 8, 8, 10, 8, 8, 8, 8, 8, 8, 10, 8, 8, 8, 0, 8, 8, 8, 8, 8, 8, 0, 8, 8, 8, 8, 8, 8, 8, 8, 8, 1, 8, 8, 8, 0, 8, 8, 8, 8, 8, 8, 8, 8, 8, 8, 0, 8, 8, 0]"
0,[ 3  2 -3 -2  3  1  2  1  3  3  3],13,43,-4.25,"[8, 8, 8, 8, 8, 8, 1, 8, 9, 8, 8, 8, 8, 8, 8, 0, 8, 8, 8, 8, 0, 8, 0, 8, 8, 8, 1, 8, 10, 8, 8, 8, 8, 8, 8, 8, 8, 8, 8, 8, 8, 8, 8, 8, 8, 8, 8, 8, 8, 1, 8, 8, 8, 8, 8, 8, 8, 8, 8, 8, 8, 8, 8, 8, 8, 8, 8, 8, 8, 8, 8, 8, 8, 8, 8, 8, 8, 9, 8, 8, 8, 8, 8, 8, 8, 8, 8, 0, 8, 8, 8, 10, 8, 8, 0, 8, 8, 1, 8, 9, 8, 0, 8, 1, 8, 10, 8, 8, 10, 8, 3, 8, 8, 8, 8, 8, 8, 8, 8, 10, 8, 8, 8, 8, 0]"
0,[ 3  2 -3 -2  3  1  2  1  3  3  3],13,45,-4.67,"[8, 8, 8, 10, 8, 8, 10, 8, 8, 8, 8, 8, 8, 8, 1, 8, 8, 10, 8, 8, 9, 8, 8, 8, 8, 8, 8, 10, 8, 8, 8, 8, 0, 8, 8, 8, 8, 8, 8, 9, 8, 8, 8, 1, 8, 8, 8, 8, 8, 8, 8, 0, 8, 8, 8, 8, 8, 8, 9, 8, 8, 1, 9, 8, 8, 8, 8, 8, 8, 8, 10, 0, 8, 8, 0, 8, 8, 8, 0, 9, 8, 8, 8, 8, 8, 8, 8, 8, 10, 8, 8, 8, 0, 8, 8, 8, 8, 8, 8, 8, 10, 10, 8, 8, 8, 8, 8, 1, 8, 8, 8, 3, 8, 9, 8, 9, 8, 8, 8, 8, 8, 8, 8, 8, 8, 9, 8, 8, 8, 8, 8, 8, 8, 8, 8, 8, 10, 8, 10, 8, 8, 1, 8, 8, 8, 8, 8, 8, 8, 8, 8, 8, 8, 8, 8, 8, 8, 10, 8, 8, 8, 8, 8, 8, 8, 8, 0]"
0,[ 3  2 -3 -2  3  1  2  1  3  3  3],13,51,-4.84,"[8, 8, 8, 8, 8, 8, 8, 8, 5, 8, 0, 8, 0, 8, 8, 1, 8, 8, 9, 8, 10, 8, 8, 8, 8, 8, 8, 8, 8, 8, 8, 8, 8, 8, 8, 8, 8, 8, 8, 8, 8, 8, 8, 8, 8, 8, 8, 8, 8, 9, 8, 8, 8, 10, 8, 1, 8, 8, 8, 8, 8, 1, 8, 8, 8, 8, 8, 8, 8, 8, 8, 8, 8, 8, 8, 8, 8, 8, 8, 8, 8, 8, 10, 10, 1, 8, 10, 8, 8, 8, 8, 8, 8, 9, 8, 8, 0, 9, 10, 8, 10, 10, 0, 8, 8, 8, 8, 8, 8, 0, 9, 8, 8, 9, 8, 10, 8, 8, 8, 8, 8, 8, 9, 8, 8, 8, 8, 1, 8, 9, 8, 8, 8, 0, 8, 8, 9, 8, 8, 8, 8, 8, 8, 10, 8, 9, 10, 1, 8, 8, 8, 1, 10, 10, 9, 8, 9, 8, 8, 10, 8, 8, 8, 8, 8, 8, 8, 8, 8, 8, 9, 8, 8, 10, 10, 8, 8, 8, 8, 8, 8, 8, 10, 0]"
0,[ 3  2 -3 -2  3  1  2  1  3  3  3],13,63,-4.94,"[8, 9, 8, 8, 8, 9, 9, 8, 10, 10, 9, 8, 8, 1, 8, 0, 8, 8, 8, 0, 9, 8, 8, 1, 8, 10, 8, 8, 8, 9, 8, 8, 9, 8, 8, 8, 8, 8, 8, 0, 8, 8, 8, 1, 10, 8, 8, 8, 1, 8, 8, 8, 8, 8, 8, 8, 8, 8, 8, 8, 8, 8, 8, 8, 8, 8, 8, 8, 8, 8, 8, 8, 8, 8, 8, 10, 8, 8, 8, 8, 8, 8, 9, 9, 8, 8, 8, 8, 0, 8, 1, 10, 8, 8, 8, 8, 8, 8, 9, 8, 8, 8, 8, 8, 8, 8, 8, 8, 8, 8, 8, 0, 10, 8, 8, 1, 8, 8, 9, 9, 8, 8, 8, 8, 8, 1, 8, 8, 1, 8, 8, 1, 3, 8, 8, 8, 1, 8, 8, 8, 8, 8, 10, 8, 8, 8, 8, 8, 8, 8, 8, 0, 8, 8, 8, 8, 8, 8, 8, 8, 8, 8, 8, 8, 8, 8, 8, 8, 8, 8, 8, 8, 8, 8, 8, 8, 8, 8, 8, 8, 8, 8, 8, 8, 8, 8, 9, 8, 8, 8, 8, 8, 8, 0]"
0,[ 3  2 -3 -2  3  1  2  1  3  3  3],13,68,-4.8,"[8, 8, 8, 10, 10, 8, 8, 8, 8, 8, 8, 8, 8, 8, 8, 8, 0, 8, 8, 8, 8, 8, 1, 8, 8, 8, 8, 8, 8, 8, 8, 8, 1, 8, 8, 9, 10, 8, 9, 8, 8, 8, 8, 8, 8, 8, 1, 8, 8, 8, 8, 8, 8, 8, 8, 8, 8, 8, 8, 8, 9, 8, 8, 8, 1, 8, 1, 10, 8, 8, 8, 8, 8, 8, 8, 8, 8, 8, 1, 8, 10, 8, 8, 8, 8, 8, 8, 0, 8, 8, 8, 8, 8, 8, 8, 8, 8, 8, 8, 8, 10, 9, 8, 8, 8, 9, 8, 10, 8, 8, 8, 9, 0, 9, 9, 8, 8, 8, 8, 8, 8, 8, 8, 8, 8, 8, 9, 8, 8, 8, 8, 8, 8, 8, 8, 8, 10, 1, 8, 10, 3, 8, 10, 8, 8, 8, 8, 8, 8, 8, 8, 8, 8, 8, 8, 8, 8, 8, 10, 8, 8, 0, 8, 8, 8, 8, 8, 8, 0, 8, 10, 8, 0, 8, 8, 8, 8, 8, 1, 0]"
0,[ 3  2 -3 -2  3  1  2  1  3  3  3],13,70,-4.84,"[8, 8, 8, 8, 1, 10, 8, 10, 8, 8, 8, 8, 8, 8, 10, 10, 8, 8, 8, 8, 3, 8, 8, 8, 8, 8, 8, 8, 8, 8, 0, 1, 8, 10, 8, 9, 10, 8, 8, 8, 8, 8, 8, 8, 10, 8, 8, 8, 9, 8, 8, 8, 8, 8, 8, 1, 10, 8, 8, 8, 8, 1, 8, 8, 8, 8, 8, 8, 3, 8, 8, 8, 8, 8, 8, 8, 8, 8, 10, 10, 10, 8, 8, 10, 1, 1, 8, 8, 8, 9, 8, 8, 8, 8, 8, 8, 8, 8, 8, 8, 8, 8, 0, 9, 8, 8, 8, 8, 8, 8, 8, 8, 8, 8, 1, 8, 8, 8, 8, 8, 8, 0, 8, 8, 8, 0, 8, 8, 8, 8, 8, 8, 8, 8, 8, 8, 8, 8, 0, 8, 8, 8, 8, 8, 8, 8, 8, 8, 8, 8, 8, 8, 9, 10, 8, 8, 8, 8, 8, 8, 8, 8, 8, 8, 8, 8, 8, 9, 0, 8, 8, 8, 8, 8, 8, 8, 8, 8, 8, 10, 8, 8, 8, 0]"
0,[ 3  2 -3 -2  3  1  2  1  3  3  3],13,77,-4.28,"[8, 8, 8, 8, 8, 8, 8, 8, 8, 8, 8, 0, 9, 8, 8, 8, 8, 8, 8, 8, 9, 8, 1, 8, 8, 0, 8, 1, 8, 8, 10, 8, 8, 8, 8, 8, 9, 8, 8, 8, 8, 8, 8, 8, 8, 8, 8, 3, 8, 0, 1, 10, 9, 8, 8, 8, 8, 8, 8, 8, 10, 9, 8, 8, 8, 1, 8, 8, 8, 8, 0, 8, 8, 8, 8, 8, 8, 8, 9, 8, 8, 8, 10, 8, 8, 8, 8, 1, 8, 1, 8, 0, 9, 8, 0, 1, 8, 8, 8, 8, 8, 1, 8, 8, 10, 8, 8, 8, 9, 10, 8, 8, 8, 8, 8, 8, 8, 8, 8, 8, 8, 8, 8, 8, 1, 8, 10, 0]"
0,[ 3  2 -3 -2  3  1  2  1  3  3  3],13,82,-4.67,"[8, 8, 8, 8, 8, 8, 8, 8, 8, 9, 8, 9, 8, 8, 9, 8, 8, 8, 8, 8, 8, 8, 8, 8, 8, 8, 8, 8, 8, 8, 8, 8, 8, 8, 8, 1, 8, 8, 8, 8, 8, 10, 9, 8, 8, 10, 1, 8, 10, 9, 8, 8, 8, 8, 8, 8, 8, 8, 8, 8, 8, 8, 8, 8, 8, 10, 10, 10, 8, 8, 8, 8, 8, 8, 8, 8, 8, 8, 8, 9, 9, 8, 8, 8, 8, 8, 8, 8, 8, 10, 8, 8, 8, 1, 9, 0, 8, 9, 8, 8, 8, 8, 8, 8, 8, 8, 8, 10, 10, 8, 8, 8, 8, 8, 9, 0, 8, 8, 8, 0, 8, 10, 9, 8, 8, 10, 8, 9, 8, 8, 0, 9, 8, 8, 8, 9, 8, 8, 8, 8, 8, 8, 8, 8, 8, 8, 8, 8, 8, 8, 0, 8, 8, 9, 8, 8, 8, 8, 10, 8, 8, 8, 10, 8, 0, 8, 0]"
0,[ 3  2 -3 -2  3  1  2  1  3  3  3],13,84,-4.62,"[8, 8, 8, 8, 8, 8, 0, 8, 8, 8, 8, 8, 8, 8, 8, 8, 9, 8, 3, 8, 8, 8, 8, 8, 8, 8, 8, 8, 8, 8, 1, 8, 8, 8, 8, 8, 8, 8, 8, 8, 10, 8, 9, 8, 8, 8, 8, 8, 8, 1, 8, 8, 8, 8, 8, 8, 8, 8, 8, 0, 8, 8, 8, 8, 8, 10, 8, 8, 8, 8, 8, 10, 9, 10, 8, 8, 8, 8, 8, 9, 8, 8, 1, 10, 8, 8, 8, 8, 8, 8, 8, 8, 8, 8, 8, 1, 8, 8, 10, 8, 8, 8, 8, 8, 8, 0, 8, 8, 8, 8, 8, 8, 8, 3, 8, 8, 8, 0, 8, 8, 8, 8, 8, 10, 0, 8, 8, 9, 8, 8, 8, 8, 8, 8, 8, 8, 9, 8, 8, 9, 8, 8, 8, 8, 8, 8, 0, 8, 8, 8, 8, 8, 8, 10, 8, 8, 8, 8, 8, 9, 8, 0]"
0,[ 3  2 -3 -2  3  1  2  1  3  3  3],13,85,-4.57,"[8, 8, 1, 8, 8, 10, 10, 8, 8, 10, 8, 8, 8, 8, 8, 10, 8, 8, 8, 8, 8, 8, 8, 8, 8, 8, 9, 8, 8, 8, 8, 8, 8, 8, 10, 8, 8, 8, 8, 8, 8, 8, 8, 0, 8, 8, 8, 8, 8, 8, 8, 8, 8, 8, 9, 8, 0, 0, 8, 8, 8, 8, 8, 8, 8, 8, 8, 8, 8, 8, 8, 8, 9, 1, 8, 8, 8, 1, 8, 8, 8, 8, 8, 8, 8, 8, 8, 8, 0, 8, 8, 8, 8, 8, 8, 10, 8, 8, 8, 8, 8, 8, 8, 8, 8, 8, 8, 8, 8, 9, 8, 8, 2, 8, 8, 10, 8, 8, 1, 8, 8, 10, 0, 8, 8, 8, 8, 8, 8, 8, 8, 8, 8, 9, 8, 8, 8, 8, 8, 10, 9, 8, 0, 8, 8, 8, 8, 8, 8, 8, 1, 8, 10, 8, 8, 8, 0]"
0,[ 3  2 -3 -2  3  1  2  1  3  3  3],13,90,-4.62,"[8, 8, 8, 8, 9, 1, 8, 8, 8, 8, 9, 8, 0, 8, 8, 8, 8, 8, 0, 8, 8, 8, 8, 8, 8, 8, 8, 8, 1, 8, 9, 8, 8, 8, 9, 8, 8, 8, 8, 8, 10, 8, 8, 8, 8, 8, 8, 8, 8, 8, 0, 8, 8, 8, 10, 8, 8, 9, 8, 8, 8, 8, 8, 8, 8, 8, 8, 8, 8, 8, 8, 8, 8, 8, 8, 8, 8, 8, 8, 9, 8, 8, 3, 8, 8, 8, 8, 0, 8, 8, 8, 0, 8, 8, 8, 8, 3, 8, 8, 10, 8, 8, 8, 8, 8, 8, 8, 3, 8, 8, 8, 8, 8, 10, 8, 8, 10, 8, 8, 8, 9, 8, 8, 8, 8, 8, 8, 8, 8, 8, 8, 8, 8, 8, 8, 8, 0, 8, 8, 8, 8, 8, 8, 8, 8, 8, 8, 8, 8, 8, 8, 8, 8, 8, 8, 8, 1, 8, 8, 8, 8, 0]"
0,[ 3  2 -3 -2  3  1  2  1  3  3  3],14,3,-4.91,"[8, 8, 8, 8, 8, 8, 8, 8, 8, 8, 1, 8, 8, 8, 10, 8, 8, 0, 8, 8, 8, 8, 8, 8, 8, 8, 8, 10, 8, 8, 8, 8, 8, 8, 8, 10, 8, 8, 8, 8, 8, 8, 8, 8, 8, 10, 9, 9, 9, 8, 8, 8, 8, 8, 9, 8, 8, 8, 8, 8, 8, 8, 8, 8, 8, 8, 8, 8, 8, 8, 8, 8, 8, 8, 8, 8, 9, 9, 10, 9, 10, 10, 8, 8, 0, 9, 8, 10, 8, 8, 8, 0, 1, 8, 8, 8, 8, 8, 9, 9, 8, 8, 10, 8, 8, 8, 8, 8, 8, 8, 8, 8, 8, 8, 8, 9, 8, 8, 0, 8, 8, 8, 8, 8, 8, 8, 8, 9, 8, 8, 8, 8, 8, 10, 10, 9, 8, 9, 8, 8, 8, 8, 0, 8, 8, 1, 8, 8, 8, 0, 8, 8, 1, 8, 8, 8, 8, 9, 10, 8, 8, 8, 8, 8, 8, 8, 8, 8, 8, 8, 8, 8, 8, 8, 8, 8, 8, 8, 8, 8, 8, 10, 8, 8, 8, 8, 9, 8, 8, 8, 0]"
0,[ 3  2 -3 -2  3  1  2  1  3  3  3],14,4,-4.06,"[8, 8, 0, 3, 8, 8, 9, 8, 9, 8, 8, 8, 8, 1, 8, 8, 0, 8, 8, 10, 8, 8, 8, 8, 8, 8, 10, 8, 8, 8, 9, 8, 8, 8, 8, 8, 8, 8, 8, 10, 10, 8, 8, 9, 8, 8, 8, 8, 8, 0, 8, 8, 0, 1, 8, 8, 8, 8, 8, 8, 8, 8, 8, 8, 10, 0, 8, 8, 8, 8, 10, 8, 8, 0, 8, 9, 8, 8, 8, 8, 8, 8, 8, 8, 8, 8, 8, 8, 8, 8, 8, 8, 8, 10, 8, 8, 8, 8, 8, 8, 8, 1, 8, 8, 8, 0]"
0,[ 3  2 -3 -2  3  1  2  1  3  3  3],14,10,-4.75,"[8, 8, 8, 8, 8, 8, 8, 8, 3, 8, 8, 0, 8, 8, 0, 8, 10, 8, 8, 8, 10, 8, 8, 9, 8, 8, 8, 8, 8, 8, 8, 8, 9, 8, 9, 8, 8, 9, 1, 8, 8, 8, 10, 8, 8, 10, 8, 8, 8, 8, 8, 8, 8, 8, 0, 8, 9, 8, 8, 8, 8, 9, 0, 10, 8, 8, 8, 1, 8, 8, 8, 10, 8, 8, 8, 9, 8, 8, 8, 8, 8, 8, 8, 8, 8, 8, 8, 8, 8, 8, 8, 8, 8, 8, 8, 8, 3, 8, 8, 10, 9, 8, 0, 8, 8, 8, 8, 8, 8, 8, 8, 10, 8, 8, 8, 9, 8, 8, 8, 8, 8, 8, 9, 8, 10, 8, 8, 8, 8, 8, 8, 1, 8, 8, 10, 8, 8, 8, 8, 8, 1, 8, 8, 8, 8, 8, 0, 8, 9, 8, 8, 8, 8, 8, 8, 8, 8, 8, 8, 8, 8, 8, 8, 8, 8, 8, 8, 8, 8, 8, 8, 8, 9, 8, 0]"
0,[ 3  2 -3 -2  3  1  2  1  3  3  3],14,11,-4.67,"[8, 8, 8, 8, 8, 1, 8, 10, 0, 8, 8, 8, 9, 8, 8, 8, 8, 8, 10, 8, 8, 0, 8, 8, 8, 8, 8, 8, 10, 8, 8, 8, 8, 8, 0, 8, 8, 0, 8, 8, 8, 8, 10, 8, 8, 8, 8, 8, 8, 8, 10, 8, 8, 8, 8, 8, 8, 8, 8, 8, 0, 8, 8, 8, 8, 9, 8, 9, 8, 8, 8, 8, 8, 8, 8, 8, 8, 8, 8, 9, 8, 8, 8, 8, 8, 9, 8, 8, 8, 8, 10, 8, 8, 8, 9, 10, 9, 9, 8, 8, 8, 8, 8, 8, 8, 8, 8, 8, 8, 8, 9, 8, 8, 8, 8, 8, 8, 8, 8, 8, 8, 9, 8, 8, 8, 8, 8, 9, 0, 8, 8, 8, 8, 8, 8, 8, 8, 8, 9, 9, 8, 8, 8, 8, 8, 10, 8, 8, 8, 8, 8, 8, 2, 8, 9, 8, 8, 8, 8, 8, 1, 8, 8, 8, 8, 8, 0]"
0,[ 3  2 -3 -2  3  1  2  1  3  3  3],14,16,-3.68,"[8, 8, 8, 9, 8, 10, 1, 0, 0, 0, 8, 8, 10, 8, 8, 8, 8, 8, 8, 8, 8, 9, 8, 1, 8, 8, 1, 8, 8, 8, 10, 8, 8, 8, 0, 10, 8, 8, 8, 0, 8, 8, 8, 8, 8, 8, 8, 8, 8, 8, 1, 8, 8, 8, 8, 9, 8, 0, 8, 9, 8, 9, 10, 8, 8, 8, 8, 0]"
0,[ 3  2 -3 -2  3  1  2  1  3  3  3],14,33,-4.81,"[8, 8, 8, 8, 8, 8, 8, 8, 8, 0, 8, 8, 8, 8, 8, 8, 8, 8, 8, 1, 8, 1, 8, 8, 8, 8, 10, 8, 8, 8, 8, 8, 9, 8, 8, 8, 8, 8, 8, 8, 8, 8, 8, 8, 8, 9, 10, 8, 9, 8, 8, 8, 8, 8, 8, 8, 8, 8, 3, 8, 9, 9, 8, 8, 9, 8, 8, 10, 8, 8, 8, 8, 8, 8, 8, 8, 8, 9, 8, 8, 9, 8, 8, 9, 8, 8, 9, 8, 8, 8, 8, 0, 8, 8, 8, 8, 8, 8, 8, 8, 8, 8, 8, 8, 8, 8, 10, 8, 10, 8, 8, 8, 8, 9, 8, 8, 0, 8, 0, 10, 8, 8, 8, 8, 9, 8, 8, 1, 9, 8, 8, 8, 9, 8, 8, 8, 8, 8, 8, 8, 8, 8, 8, 0, 8, 8, 8, 8, 8, 8, 0, 8, 8, 8, 8, 1, 8, 8, 8, 8, 8, 8, 8, 8, 8, 8, 8, 8, 9, 8, 8, 8, 8, 8, 9, 8, 8, 8, 8, 8, 0]"
0,[ 3  1  1 -2  1 -2  1  3  2  2  2],15,2,-4.59,"[8, 8, 9, 8, 8, 8, 8, 8, 8, 8, 8, 8, 8, 8, 8, 8, 8, 8, 8, 8, 8, 8, 9, 8, 8, 8, 8, 8, 8, 8, 8, 8, 8, 8, 8, 8, 8, 8, 8, 8, 8, 8, 8, 8, 8, 8, 8, 8, 8, 0, 8, 8, 8, 8, 1, 9, 10, 8, 10, 8, 3, 8, 8, 8, 8, 8, 8, 8, 8, 8, 8, 8, 8, 8, 9, 0, 8, 8, 9, 8, 0, 10, 8, 8, 10, 0, 10, 9, 8, 8, 8, 9, 8, 8, 8, 8, 8, 8, 8, 10, 8, 8, 8, 8, 10, 8, 8, 8, 8, 8, 8, 10, 8, 10, 8, 1, 8, 8, 8, 8, 8, 8, 8, 8, 9, 8, 8, 10, 8, 9, 8, 8, 8, 1, 8, 8, 8, 8, 8, 8, 8, 8, 0, 9, 8, 8, 8, 8, 8, 8, 8, 8, 3, 8, 8, 0, 8, 8, 0]"
0,[ 3  1  1 -2  1 -2  1  3  2  2  2],15,11,-3.93,"[8, 8, 8, 8, 8, 8, 8, 8, 8, 8, 8, 8, 0, 8, 8, 9, 8, 9, 8, 9, 8, 8, 8, 8, 8, 8, 10, 8, 8, 8, 9, 9, 8, 8, 8, 8, 8, 10, 8, 0, 8, 8, 10, 10, 8, 8, 8, 8, 0, 8, 8, 8, 8, 8, 8, 8, 8, 8, 8, 8, 8, 8, 8, 8, 8, 8, 8, 8, 8, 0, 8, 8, 8, 8, 8, 8, 0, 8, 1, 8, 8, 10, 0, 1, 8, 8, 8, 8, 8, 8, 8, 8, 0]"
0,[ 3  1  1 -2  1 -2  1  3  2  2  2],15,22,-4.14,"[8, 8, 8, 8, 8, 10, 10, 0, 8, 8, 8, 8, 8, 9, 0, 8, 8, 8, 0, 8, 9, 8, 8, 8, 8, 9, 10, 8, 0, 8, 8, 8, 8, 8, 8, 8, 8, 8, 8, 8, 8, 8, 8, 8, 8, 8, 8, 8, 8, 8, 8, 8, 8, 8, 8, 9, 8, 8, 8, 0, 8, 8, 8, 8, 8, 8, 1, 8, 10, 8, 8, 8, 8, 8, 8, 8, 8, 8, 8, 8, 8, 8, 8, 8, 8, 8, 8, 8, 0, 8, 8, 8, 8, 10, 8, 10, 8, 9, 9, 8, 8, 8, 9, 8, 10, 9, 8, 8, 10, 10, 8, 9, 8, 0]"
0,[ 3  1  1 -2  1 -2  1  3  2  2  2],15,27,-4.49,"[8, 8, 8, 8, 8, 8, 8, 8, 8, 8, 8, 0, 8, 8, 8, 8, 1, 0, 8, 8, 8, 8, 8, 10, 8, 8, 9, 8, 0, 8, 9, 8, 8, 1, 8, 8, 9, 8, 8, 8, 8, 1, 8, 8, 8, 8, 8, 8, 8, 8, 8, 8, 8, 8, 8, 8, 8, 8, 8, 8, 10, 8, 8, 10, 1, 8, 8, 10, 8, 10, 8, 8, 8, 8, 8, 8, 8, 8, 8, 8, 9, 8, 8, 8, 8, 8, 8, 8, 8, 8, 8, 8, 8, 8, 8, 8, 8, 8, 8, 8, 10, 8, 8, 0, 8, 8, 8, 10, 1, 9, 8, 9, 3, 8, 8, 8, 8, 8, 8, 8, 8, 8, 8, 8, 8, 8, 8, 8, 8, 0, 3, 8, 8, 0, 8, 9, 8, 8, 8, 9, 8, 8, 8, 8, 8, 8, 8, 8, 0]"
0,[ 3  1  1 -2  1 -2  1  3  2  2  2],15,46,-4.01,"[8, 8, 8, 8, 8, 0, 8, 8, 9, 10, 8, 8, 8, 8, 8, 8, 8, 0, 10, 9, 8, 10, 0, 8, 9, 10, 8, 8, 8, 8, 8, 8, 8, 8, 8, 8, 8, 8, 9, 8, 0, 8, 8, 8, 8, 9, 9, 8, 0, 8, 8, 8, 8, 8, 8, 8, 0, 8, 8, 8, 8, 8, 8, 8, 8, 8, 8, 8, 8, 9, 8, 8, 9, 8, 8, 8, 8, 8, 8, 8, 1, 1, 8, 8, 8, 8, 8, 8, 8, 8, 8, 8, 9, 8, 8, 8, 8, 8, 8, 8, 0]"
0,[ 3  1  1 -2  1 -2  1  3  2  2  2],15,48,-4.66,"[9, 8, 8, 8, 9, 8, 8, 8, 0, 0, 10, 8, 8, 8, 8, 8, 8, 8, 8, 8, 8, 8, 8, 8, 8, 8, 0, 8, 8, 0, 9, 8, 8, 9, 8, 8, 8, 8, 8, 8, 8, 0, 8, 8, 8, 8, 8, 8, 8, 8, 8, 8, 8, 8, 8, 8, 8, 8, 10, 8, 8, 8, 8, 8, 8, 8, 10, 8, 8, 8, 8, 8, 8, 8, 8, 8, 8, 8, 8, 8, 8, 8, 8, 10, 0, 8, 8, 1, 10, 8, 8, 8, 8, 8, 8, 8, 8, 8, 8, 8, 1, 8, 8, 10, 8, 8, 8, 8, 8, 8, 8, 10, 8, 8, 9, 9, 8, 8, 8, 8, 9, 8, 8, 8, 8, 8, 10, 8, 8, 8, 8, 8, 8, 1, 8, 8, 8, 8, 8, 10, 8, 8, 8, 8, 8, 8, 8, 8, 8, 8, 8, 8, 8, 8, 8, 8, 8, 8, 8, 8, 8, 8, 8, 8, 8, 0]"
0,[ 3  1  1 -2  1 -2  1  3  2  2  2],15,50,-4.5,"[8, 8, 8, 8, 8, 8, 8, 10, 8, 8, 8, 9, 10, 8, 8, 8, 8, 8, 8, 8, 8, 8, 10, 8, 8, 8, 10, 0, 8, 8, 9, 8, 8, 8, 8, 0, 8, 8, 8, 1, 8, 8, 8, 8, 8, 8, 8, 8, 8, 8, 8, 8, 9, 8, 8, 8, 8, 8, 8, 8, 8, 8, 8, 8, 8, 8, 8, 8, 9, 8, 9, 8, 8, 8, 8, 0, 1, 8, 8, 8, 8, 8, 8, 8, 8, 8, 8, 8, 9, 10, 8, 8, 8, 10, 8, 1, 8, 8, 8, 8, 8, 10, 8, 8, 8, 8, 0, 10, 8, 8, 8, 8, 8, 8, 8, 8, 8, 8, 8, 8, 8, 8, 8, 8, 9, 8, 0, 8, 1, 9, 8, 8, 8, 8, 8, 9, 8, 8, 8, 8, 8, 10, 10, 1, 8, 8, 8, 0, 1, 0]"
0,[ 3  1  1 -2  1 -2  1  3  2  2  2],15,53,-4.29,"[8, 8, 8, 8, 10, 1, 8, 8, 8, 8, 8, 10, 10, 0, 10, 8, 9, 8, 8, 8, 8, 8, 9, 8, 8, 8, 8, 0, 8, 10, 8, 9, 8, 8, 8, 0, 8, 8, 8, 0, 8, 8, 10, 8, 1, 8, 8, 8, 8, 8, 9, 8, 8, 8, 8, 9, 8, 8, 8, 8, 10, 8, 8, 8, 8, 8, 8, 8, 8, 8, 10, 8, 8, 8, 8, 8, 9, 10, 9, 8, 1, 8, 8, 8, 8, 8, 8, 8, 8, 1, 8, 0, 8, 8, 8, 8, 8, 8, 10, 0, 8, 8, 8, 10, 8, 8, 8, 8, 8, 8, 8, 8, 10, 8, 8, 10, 8, 8, 8, 8, 8, 9, 8, 8, 8, 8, 8, 8, 0]"
0,[ 3  1  1 -2  1 -2  1  3  2  2  2],15,56,-4.54,"[8, 8, 8, 8, 8, 8, 8, 9, 8, 10, 8, 8, 8, 8, 8, 8, 8, 8, 8, 8, 8, 8, 8, 8, 8, 8, 8, 8, 8, 8, 8, 8, 9, 9, 8, 1, 0, 8, 0, 8, 8, 8, 8, 8, 8, 8, 10, 8, 9, 8, 10, 8, 8, 8, 1, 8, 8, 8, 8, 8, 8, 8, 8, 8, 8, 8, 8, 0, 8, 9, 8, 8, 8, 9, 8, 10, 8, 8, 8, 8, 8, 8, 9, 8, 1, 8, 8, 10, 9, 10, 8, 8, 8, 8, 8, 8, 8, 8, 8, 8, 8, 8, 8, 8, 9, 10, 8, 0, 8, 8, 8, 8, 8, 8, 8, 8, 8, 8, 9, 8, 9, 8, 3, 8, 8, 8, 8, 8, 8, 8, 8, 8, 8, 8, 8, 8, 8, 8, 8, 8, 0, 0, 8, 8, 8, 8, 8, 8, 8, 8, 8, 8, 8, 0]"
0,[ 3  1  1 -2  1 -2  1  3  2  2  2],15,57,-4.66,"[8, 8, 8, 8, 1, 8, 10, 8, 8, 8, 8, 8, 8, 8, 8, 8, 8, 8, 8, 8, 8, 8, 8, 8, 8, 8, 8, 8, 1, 8, 8, 9, 8, 8, 8, 9, 8, 8, 8, 0, 1, 10, 8, 8, 8, 1, 9, 8, 8, 8, 8, 8, 8, 8, 1, 8, 10, 9, 8, 10, 8, 8, 10, 8, 9, 3, 8, 8, 8, 8, 8, 8, 0, 8, 0, 8, 8, 8, 8, 8, 8, 8, 9, 8, 8, 8, 8, 1, 8, 8, 8, 8, 8, 10, 8, 8, 8, 8, 8, 0, 8, 8, 8, 8, 8, 8, 8, 10, 8, 9, 8, 8, 8, 8, 8, 8, 8, 10, 10, 8, 8, 9, 8, 8, 8, 8, 8, 8, 8, 10, 8, 8, 3, 8, 8, 8, 8, 8, 8, 8, 8, 8, 0, 8, 8, 8, 10, 8, 0, 8, 10, 8, 8, 8, 8, 8, 8, 8, 8, 8, 8, 8, 9, 1, 8, 0]"
0,[ 3  1  1 -2  1 -2  1  3  2  2  2],15,58,-4.29,"[8, 8, 8, 8, 8, 8, 8, 1, 0, 8, 8, 8, 8, 8, 8, 8, 8, 9, 8, 8, 8, 8, 0, 8, 9, 8, 8, 8, 8, 8, 9, 8, 9, 8, 8, 8, 8, 9, 8, 10, 8, 8, 8, 8, 8, 8, 8, 8, 8, 9, 8, 1, 8, 8, 8, 8, 9, 0, 8, 8, 8, 8, 8, 8, 8, 8, 8, 8, 8, 8, 8, 8, 8, 8, 8, 8, 8, 8, 8, 8, 8, 8, 8, 8, 9, 8, 1, 8, 8, 8, 8, 8, 8, 8, 8, 8, 8, 8, 8, 8, 8, 8, 10, 8, 8, 8, 1, 8, 0, 8, 8, 8, 8, 8, 8, 8, 8, 1, 8, 0, 1, 8, 8, 0, 9, 8, 8, 8, 0]"
0,[ 3  1  1 -2  1 -2  1  3  2  2  2],15,64,-4.5,"[8, 8, 8, 9, 1, 8, 8, 8, 8, 8, 8, 0, 8, 8, 8, 8, 8, 8, 8, 8, 8, 8, 8, 0, 8, 8, 8, 8, 8, 10, 8, 9, 8, 0, 8, 8, 8, 8, 8, 8, 8, 8, 8, 8, 8, 8, 8, 8, 8, 10, 8, 10, 8, 8, 8, 8, 8, 8, 8, 8, 0, 8, 8, 8, 8, 8, 9, 9, 8, 8, 9, 8, 8, 8, 10, 8, 1, 9, 0, 8, 8, 8, 8, 8, 8, 8, 8, 8, 8, 1, 1, 8, 8, 9, 8, 9, 8, 9, 1, 3, 8, 8, 8, 8, 8, 1, 8, 8, 8, 1, 10, 8, 8, 8, 10, 10, 8, 8, 10, 9, 8, 8, 8, 8, 8, 8, 8, 8, 8, 8, 8, 8, 8, 8, 0, 8, 8, 8, 10, 8, 8, 8, 8, 9, 8, 8, 10, 8, 8, 0]"
0,[ 3  1  1 -2  1 -2  1  3  2  2  2],15,66,-3.64,"[8, 9, 8, 8, 8, 8, 8, 0, 8, 10, 8, 0, 8, 8, 8, 8, 8, 8, 8, 10, 8, 8, 10, 8, 8, 10, 0, 9, 8, 8, 0, 8, 8, 8, 8, 8, 10, 9, 8, 8, 8, 1, 8, 8, 8, 8, 8, 8, 8, 9, 8, 0, 8, 8, 8, 8, 8, 8, 0, 8, 8, 8, 8, 0]"
0,[ 3  1  1 -2  1 -2  1  3  2  2  2],15,68,-3.87,"[8, 0, 8, 8, 8, 8, 8, 10, 8, 8, 0, 8, 8, 8, 8, 8, 8, 8, 8, 8, 8, 8, 8, 8, 8, 8, 8, 8, 0, 8, 8, 8, 8, 8, 10, 8, 10, 9, 0, 8, 8, 10, 8, 8, 8, 0, 1, 8, 8, 8, 8, 8, 8, 10, 8, 8, 8, 8, 8, 10, 8, 8, 8, 8, 8, 1, 8, 8, 8, 8, 8, 1, 8, 8, 8, 8, 8, 10, 8, 9, 8, 0, 8, 8, 8, 8, 0]"
0,[ 3  1  1 -2  1 -2  1  3  2  2  2],15,75,-4.8,"[8, 8, 8, 8, 8, 8, 1, 8, 0, 8, 8, 8, 10, 8, 8, 8, 8, 8, 8, 8, 0, 8, 8, 8, 8, 8, 1, 8, 10, 8, 8, 1, 8, 8, 8, 8, 8, 8, 8, 10, 10, 8, 8, 8, 8, 8, 8, 9, 8, 8, 8, 8, 8, 8, 9, 8, 8, 8, 8, 8, 10, 1, 8, 1, 8, 8, 8, 8, 8, 8, 8, 8, 9, 8, 8, 8, 8, 8, 9, 8, 8, 8, 8, 8, 8, 8, 0, 8, 8, 8, 8, 8, 8, 9, 8, 10, 10, 8, 8, 8, 8, 0, 9, 0, 1, 8, 9, 10, 8, 1, 8, 8, 8, 9, 8, 8, 8, 10, 8, 8, 8, 8, 10, 8, 8, 8, 8, 8, 8, 8, 8, 8, 8, 8, 0, 1, 8, 8, 8, 8, 8, 8, 9, 8, 8, 8, 8, 8, 8, 8, 1, 8, 8, 8, 8, 10, 8, 8, 10, 8, 8, 8, 8, 9, 8, 8, 8, 8, 8, 8, 8, 10, 8, 8, 9, 8, 8, 8, 8, 0]"
0,[ 3  1  1 -2  1 -2  1  3  2  2  2],15,76,-4.41,"[8, 8, 9, 8, 8, 8, 8, 9, 8, 8, 8, 8, 10, 8, 8, 8, 0, 10, 8, 8, 8, 8, 8, 9, 8, 8, 8, 8, 8, 9, 8, 8, 8, 8, 8, 8, 8, 8, 8, 8, 8, 8, 1, 8, 8, 8, 8, 8, 9, 8, 8, 8, 8, 8, 0, 8, 8, 8, 8, 8, 8, 2, 8, 8, 8, 8, 9, 9, 9, 8, 0, 8, 8, 1, 8, 8, 8, 8, 8, 8, 8, 8, 8, 8, 8, 8, 8, 10, 1, 8, 0, 8, 8, 8, 8, 0, 1, 8, 8, 8, 8, 8, 8, 8, 8, 8, 8, 10, 8, 8, 1, 8, 8, 8, 10, 8, 1, 8, 8, 10, 8, 8, 0, 8, 8, 8, 8, 8, 8, 8, 8, 8, 8, 8, 8, 8, 8, 3, 8, 8, 0]"
0,[ 3  1  1 -2  1 -2  1  3  2  2  2],15,82,-4.9,"[8, 8, 8, 8, 8, 8, 8, 8, 8, 8, 8, 8, 8, 9, 8, 8, 8, 10, 8, 10, 8, 8, 8, 8, 8, 8, 8, 8, 8, 8, 8, 8, 8, 8, 8, 8, 8, 8, 8, 8, 8, 10, 8, 10, 8, 9, 8, 10, 8, 10, 10, 8, 8, 8, 8, 8, 9, 8, 0, 8, 8, 8, 0, 0, 9, 9, 10, 8, 8, 8, 9, 8, 8, 10, 8, 8, 8, 8, 8, 8, 8, 8, 0, 8, 8, 8, 8, 8, 9, 8, 8, 1, 8, 10, 8, 0, 8, 9, 10, 8, 8, 8, 8, 8, 8, 8, 10, 8, 8, 8, 8, 8, 8, 8, 8, 8, 8, 8, 8, 8, 1, 8, 8, 8, 8, 9, 8, 9, 8, 10, 8, 8, 8, 8, 8, 8, 8, 9, 8, 8, 8, 8, 8, 8, 8, 8, 8, 8, 8, 8, 8, 8, 8, 8, 8, 8, 8, 8, 8, 8, 8, 8, 8, 8, 8, 8, 8, 8, 1, 9, 8, 1, 8, 8, 0, 10, 8, 8, 8, 8, 8, 10, 8, 8, 8, 8, 10, 8, 8, 0]"
0,[ 3  1  1 -2  1 -2  1  3  2  2  2],15,84,-4.54,"[8, 8, 8, 10, 8, 8, 8, 10, 8, 0, 8, 8, 8, 8, 0, 8, 0, 8, 8, 8, 8, 8, 8, 8, 1, 8, 9, 8, 8, 8, 8, 8, 8, 8, 8, 8, 8, 8, 8, 8, 8, 8, 8, 10, 10, 8, 8, 8, 0, 8, 8, 8, 8, 8, 8, 1, 8, 8, 8, 10, 8, 8, 8, 8, 8, 8, 8, 8, 8, 8, 10, 10, 8, 8, 8, 8, 8, 8, 8, 1, 8, 8, 8, 8, 8, 8, 8, 8, 8, 8, 10, 8, 8, 8, 8, 8, 8, 8, 8, 8, 8, 8, 10, 0, 8, 8, 8, 8, 8, 9, 10, 8, 8, 8, 8, 8, 10, 8, 8, 8, 8, 9, 8, 8, 8, 8, 8, 9, 8, 9, 1, 8, 8, 8, 8, 8, 8, 8, 8, 9, 8, 8, 8, 8, 8, 8, 8, 8, 0, 8, 8, 8, 8, 0]"
0,[ 3  1  1 -2  1 -2  1  3  2  2  2],15,96,-4.5,"[9, 1, 8, 10, 8, 8, 8, 9, 8, 8, 9, 8, 8, 0, 8, 8, 8, 8, 8, 8, 8, 8, 10, 8, 8, 8, 8, 8, 8, 8, 8, 10, 8, 8, 8, 8, 10, 8, 3, 8, 8, 0, 8, 8, 8, 8, 8, 8, 8, 8, 8, 8, 9, 8, 8, 1, 9, 8, 8, 8, 8, 8, 10, 8, 8, 8, 8, 8, 8, 8, 8, 8, 8, 8, 8, 8, 8, 8, 8, 8, 8, 8, 1, 9, 8, 8, 8, 10, 8, 8, 8, 8, 8, 8, 8, 8, 8, 8, 8, 8, 8, 8, 8, 8, 8, 8, 8, 8, 8, 8, 8, 8, 8, 9, 8, 8, 8, 8, 8, 1, 8, 8, 0, 8, 8, 8, 8, 10, 8, 8, 8, 8, 8, 8, 0, 8, 8, 8, 8, 8, 8, 8, 8, 8, 0, 0, 8, 8, 8, 0]"
0,[ 3  1  1 -2  1 -2  1  3  2  2  2],16,8,-4.89,"[9, 8, 10, 8, 8, 9, 8, 8, 8, 8, 8, 8, 10, 8, 8, 8, 8, 8, 8, 8, 0, 10, 10, 8, 10, 8, 8, 8, 8, 8, 8, 9, 8, 8, 8, 8, 8, 8, 9, 8, 8, 8, 8, 8, 0, 8, 8, 8, 8, 8, 8, 8, 8, 8, 8, 8, 8, 8, 9, 8, 8, 8, 8, 8, 9, 8, 8, 8, 8, 9, 8, 8, 8, 8, 8, 8, 8, 10, 8, 10, 8, 10, 8, 8, 8, 8, 8, 8, 8, 8, 8, 10, 8, 8, 8, 8, 10, 8, 8, 8, 8, 8, 8, 8, 8, 8, 8, 8, 0, 8, 1, 8, 8, 8, 10, 8, 8, 9, 8, 8, 8, 8, 9, 8, 8, 8, 8, 8, 8, 10, 8, 9, 9, 8, 8, 0, 8, 8, 8, 8, 8, 8, 8, 8, 8, 8, 8, 8, 8, 8, 8, 8, 8, 8, 8, 8, 8, 0, 10, 8, 8, 0, 8, 9, 10, 8, 8, 8, 8, 1, 8, 8, 8, 9, 8, 8, 9, 1, 8, 8, 8, 8, 8, 8, 8, 8, 8, 8, 0]"
0,[-3 -2 -4  2 -3 -2  1  3 -1 -1  4  2],20,6,-0.56,"[1, 8, 8, 8, 8, 8, 8, 10, 8, 8, 8, 8, 8, 8, 10, 8, 8, 8, 8, 8, 8, 8, 8, 8, 8, 8, 8, 8, 8, 8, 8, 8, 8, 8, 6, 8, 8, 9, 8, 8, 8, 8, 8, 8, 1, 8, 10, 9, 8, 8, 8, 8, 8, 8, 8, 8, 8, 8, 8, 9, 8, 8, 8, 0, 8, 8, 9, 8, 8, 8, 8, 8, 8, 8, 8, 8, 9, 8, 8, 8, 8, 8, 8, 8, 8, 8, 8, 8, 8, 8, 8, 8, 8, 9, 9, 10, 8, 8, 8, 8, 8, 9, 8, 8, 8, 8, 8, 8, 8, 8, 8, 8, 8, 0, 8, 0, 8, 8, 6, 8, 8, 8, 8, 8, 8, 8, 8, 8, 8, 8, 9, 8, 8, 9, 8, 8, 8, 8, 8, 8, 8, 8, 8, 8, 1, 10, 8, 8, 9, 8, 8, 8, 8, 8, 10, 0]"
0,[-3 -2 -4  2 -3 -2  1  3 -1 -1  4  2],20,20,0.31,"[8, 8, 0, 8, 8, 9, 8, 8, 8, 8, 8, 8, 8, 8, 8, 8, 8, 1, 8, 8, 8, 8, 8, 0, 8, 8, 1, 8, 8, 8, 8, 8, 8, 1, 8, 8, 9, 8, 8, 8, 8, 8, 9, 8, 8, 0, 8, 8, 8, 8, 9, 8, 10, 8, 8, 8, 8, 8, 8, 8, 8, 8, 8, 8, 8, 8, 8, 9, 0]"
0,[-3 -2 -4  2 -3 -2  1  3 -1 -1  4  2],20,27,0.23,"[8, 8, 8, 8, 8, 8, 8, 8, 8, 8, 8, 8, 10, 0, 8, 8, 9, 8, 1, 8, 6, 8, 10, 6, 8, 8, 8, 8, 8, 8, 8, 8, 8, 8, 8, 8, 8, 8, 8, 8, 8, 8, 8, 8, 8, 8, 0, 8, 10, 9, 8, 8, 8, 1, 8, 8, 8, 8, 10, 8, 10, 8, 8, 8, 8, 0, 8, 8, 9, 8, 8, 10, 8, 8, 8, 1, 0]"
0,[-3 -2 -4  2 -3 -2  1  3 -1 -1  4  2],20,28,-0.84,"[8, 6, 8, 8, 8, 8, 8, 8, 0, 8, 8, 8, 9, 8, 8, 8, 8, 8, 9, 8, 3, 8, 8, 8, 8, 8, 6, 8, 8, 8, 8, 8, 8, 8, 8, 8, 8, 10, 8, 8, 8, 9, 8, 8, 8, 8, 8, 8, 8, 8, 8, 8, 8, 8, 8, 9, 8, 8, 8, 8, 1, 8, 1, 10, 8, 8, 8, 8, 8, 8, 8, 8, 1, 8, 9, 0, 8, 1, 6, 8, 8, 8, 1, 8, 8, 8, 8, 8, 8, 8, 8, 8, 8, 8, 8, 8, 8, 8, 8, 8, 8, 8, 8, 8, 8, 8, 8, 8, 8, 6, 8, 8, 8, 8, 8, 8, 8, 8, 8, 8, 8, 8, 8, 8, 9, 6, 8, 8, 8, 8, 8, 8, 8, 8, 8, 8, 8, 8, 8, 8, 8, 9, 8, 6, 8, 8, 8, 8, 8, 8, 8, 8, 8, 8, 8, 8, 8, 10, 8, 3, 8, 8, 0, 8, 8, 8, 8, 8, 6, 8, 8, 8, 8, 8, 8, 8, 8, 8, 8, 9, 8, 8, 8, 0]"
0,[-3 -2 -4  2 -3 -2  1  3 -1 -1  4  2],20,34,-0.69,"[8, 8, 8, 8, 8, 8, 8, 10, 8, 8, 8, 8, 8, 8, 8, 8, 3, 8, 8, 8, 8, 0, 6, 9, 8, 8, 8, 9, 8, 8, 8, 8, 8, 8, 8, 8, 8, 8, 9, 6, 8, 6, 8, 8, 10, 8, 9, 8, 8, 8, 8, 8, 8, 8, 8, 8, 8, 1, 8, 9, 0, 8, 8, 8, 8, 8, 8, 8, 6, 8, 9, 8, 8, 9, 8, 8, 8, 8, 8, 8, 8, 8, 8, 8, 8, 8, 8, 8, 9, 10, 8, 8, 8, 8, 8, 8, 8, 8, 1, 1, 8, 8, 10, 8, 8, 6, 8, 8, 8, 8, 1, 8, 8, 8, 8, 1, 8, 10, 8, 8, 8, 8, 8, 8, 8, 8, 6, 8, 8, 8, 9, 8, 1, 8, 10, 8, 8, 8, 8, 8, 8, 8, 8, 8, 8, 8, 8, 8, 8, 8, 8, 8, 8, 8, 0, 8, 8, 9, 8, 8, 8, 8, 8, 8, 8, 8, 8, 8, 0]"
0,[-3 -2 -4  2 -3 -2  1  3 -1 -1  4  2],20,43,0.51,"[8, 8, 8, 6, 10, 8, 8, 6, 8, 9, 1, 8, 8, 8, 8, 8, 8, 8, 8, 0, 8, 8, 8, 0, 8, 8, 8, 8, 8, 10, 8, 8, 8, 8, 1, 8, 8, 9, 10, 8, 0, 8, 9, 8, 8, 9, 8, 8, 0]"
0,[-3 -2 -4  2 -3 -2  1  3 -1 -1  4  2],20,44,-0.19,"[8, 8, 6, 8, 8, 8, 8, 8, 8, 8, 8, 6, 8, 9, 9, 8, 8, 8, 8, 8, 8, 8, 8, 8, 8, 8, 0, 10, 8, 8, 10, 10, 8, 8, 8, 8, 8, 8, 10, 1, 8, 8, 8, 8, 8, 8, 6, 3, 8, 8, 8, 8, 6, 8, 8, 8, 8, 8, 8, 8, 6, 8, 8, 8, 10, 10, 8, 8, 8, 10, 8, 8, 8, 9, 8, 8, 8, 9, 8, 8, 8, 8, 8, 10, 8, 1, 8, 8, 8, 8, 8, 8, 8, 8, 8, 9, 8, 8, 0, 8, 8, 8, 10, 6, 8, 9, 8, 8, 8, 8, 9, 8, 8, 8, 8, 0, 8, 8, 0]"
0,[-3 -2 -4  2 -3 -2  1  3 -1 -1  4  2],20,45,-0.14,"[8, 8, 8, 8, 8, 8, 0, 8, 8, 8, 8, 8, 8, 8, 0, 8, 8, 9, 8, 8, 8, 8, 1, 8, 8, 8, 9, 6, 8, 8, 8, 8, 8, 8, 8, 9, 8, 8, 8, 8, 8, 8, 8, 8, 8, 8, 0, 8, 8, 8, 8, 8, 8, 8, 8, 8, 8, 8, 8, 1, 8, 8, 1, 9, 8, 8, 8, 8, 8, 8, 8, 8, 8, 8, 8, 8, 8, 8, 9, 8, 8, 10, 8, 8, 8, 8, 1, 8, 8, 8, 9, 8, 8, 8, 9, 8, 8, 8, 8, 9, 8, 8, 8, 8, 6, 8, 8, 9, 8, 9, 8, 8, 8, 0]"
0,[-3 -2 -4  2 -3 -2  1  3 -1 -1  4  2],20,62,-0.9,"[8, 8, 8, 8, 8, 9, 8, 9, 9, 8, 8, 8, 8, 8, 8, 8, 10, 9, 8, 8, 10, 9, 8, 8, 8, 8, 8, 8, 0, 8, 8, 8, 8, 8, 8, 8, 8, 8, 8, 8, 8, 8, 8, 0, 8, 8, 9, 8, 8, 8, 8, 8, 8, 8, 8, 8, 8, 8, 8, 8, 8, 8, 8, 8, 8, 8, 8, 8, 8, 8, 9, 8, 8, 8, 8, 8, 9, 8, 8, 8, 9, 8, 9, 6, 8, 8, 8, 8, 8, 8, 9, 8, 8, 8, 8, 8, 8, 10, 8, 8, 8, 8, 8, 8, 8, 8, 8, 8, 8, 9, 8, 8, 9, 8, 8, 8, 8, 8, 1, 8, 9, 9, 8, 8, 8, 8, 8, 8, 10, 8, 8, 8, 8, 8, 8, 8, 10, 9, 8, 8, 1, 8, 1, 8, 8, 8, 8, 8, 8, 8, 8, 8, 8, 8, 8, 8, 8, 8, 8, 8, 8, 8, 6, 8, 8, 8, 8, 8, 8, 8, 8, 8, 8, 8, 8, 8, 8, 8, 8, 8, 8, 9, 8, 8, 10, 8, 8, 8, 0, 0]"
0,[-3 -2 -4  2 -3 -2  1  3 -1 -1  4  2],20,68,0.41,"[8, 6, 9, 8, 9, 8, 8, 8, 0, 8, 8, 9, 8, 8, 8, 1, 8, 8, 8, 9, 8, 8, 8, 8, 8, 8, 8, 8, 8, 8, 8, 8, 8, 8, 8, 8, 8, 9, 8, 8, 8, 0, 8, 8, 8, 8, 8, 8, 8, 8, 2, 6, 8, 10, 8, 0, 8, 8, 0]"
0,[-3 -2 -4  2 -3 -2  1  3 -1 -1  4  2],20,72,-0.53,"[8, 8, 8, 8, 8, 8, 8, 8, 8, 8, 8, 8, 8, 8, 8, 8, 8, 8, 8, 8, 8, 8, 8, 8, 0, 8, 8, 8, 8, 8, 8, 8, 8, 8, 8, 8, 8, 8, 8, 8, 8, 8, 8, 8, 8, 8, 1, 6, 8, 0, 8, 8, 8, 8, 8, 8, 8, 8, 8, 8, 8, 8, 0, 6, 10, 8, 8, 8, 8, 8, 8, 8, 8, 8, 8, 8, 8, 8, 8, 8, 8, 8, 8, 8, 8, 8, 9, 8, 8, 8, 8, 8, 8, 8, 8, 8, 9, 8, 8, 8, 8, 8, 8, 8, 8, 9, 8, 8, 8, 9, 8, 8, 8, 8, 8, 8, 8, 8, 8, 8, 8, 8, 8, 8, 8, 8, 8, 8, 8, 10, 8, 9, 6, 8, 8, 8, 8, 8, 8, 8, 8, 8, 8, 8, 1, 8, 6, 8, 8, 8, 8, 8, 0]"
0,[-3 -2 -4  2 -3 -2  1  3 -1 -1  4  2],20,74,-0.0,"[9, 8, 8, 8, 8, 8, 8, 8, 8, 8, 6, 9, 8, 0, 8, 1, 8, 8, 8, 8, 8, 8, 8, 0, 8, 8, 8, 8, 8, 6, 8, 8, 10, 6, 8, 8, 8, 8, 8, 8, 8, 8, 8, 8, 8, 0, 6, 8, 8, 1, 8, 8, 8, 8, 8, 8, 8, 8, 8, 8, 8, 8, 8, 6, 1, 10, 8, 8, 9, 8, 9, 8, 8, 8, 8, 1, 8, 8, 8, 8, 10, 8, 9, 8, 8, 8, 8, 8, 8, 8, 9, 8, 10, 8, 8, 8, 8, 8, 8, 0]"
0,[-3 -2 -4  2 -3 -2  1  3 -1 -1  4  2],20,76,-0.02,"[8, 8, 8, 8, 8, 8, 0, 8, 8, 1, 9, 10, 9, 9, 8, 8, 8, 1, 10, 8, 8, 8, 9, 8, 8, 9, 8, 9, 8, 8, 8, 8, 8, 0, 8, 8, 8, 6, 9, 8, 6, 8, 8, 9, 8, 8, 9, 8, 8, 8, 8, 1, 8, 1, 6, 8, 8, 8, 0, 8, 8, 8, 8, 8, 6, 8, 8, 9, 8, 8, 9, 8, 8, 8, 8, 8, 8, 8, 8, 8, 8, 8, 8, 8, 8, 8, 10, 8, 8, 6, 8, 8, 8, 8, 8, 8, 6, 8, 8, 1, 10, 0]"
0,[-3 -2 -4  2 -3 -2  1  3 -1 -1  4  2],20,80,0.08,"[8, 8, 8, 10, 8, 6, 8, 8, 8, 8, 8, 8, 10, 9, 8, 10, 8, 0, 8, 8, 8, 0, 8, 8, 8, 8, 8, 8, 8, 8, 8, 8, 10, 8, 8, 8, 8, 10, 8, 8, 8, 8, 8, 8, 8, 8, 8, 8, 8, 8, 8, 8, 9, 8, 8, 8, 8, 8, 0, 8, 8, 10, 8, 8, 8, 8, 8, 8, 8, 8, 8, 8, 8, 8, 8, 8, 10, 8, 10, 8, 8, 8, 8, 8, 10, 8, 8, 8, 8, 8, 1, 0]"
0,[-3 -2 -4  2 -3 -2  1  3 -1 -1  4  2],20,94,-0.78,"[9, 8, 8, 8, 8, 8, 8, 8, 8, 8, 8, 8, 8, 8, 8, 0, 8, 8, 9, 0, 8, 8, 8, 8, 8, 1, 8, 8, 8, 8, 8, 8, 8, 8, 8, 8, 8, 6, 8, 8, 8, 8, 6, 8, 8, 8, 8, 8, 8, 8, 6, 8, 8, 8, 8, 8, 8, 8, 8, 9, 6, 8, 8, 8, 8, 10, 9, 8, 8, 9, 1, 10, 9, 8, 8, 8, 8, 8, 8, 8, 8, 8, 8, 10, 8, 8, 9, 8, 8, 8, 8, 8, 1, 8, 8, 8, 8, 8, 9, 9, 8, 8, 6, 8, 8, 8, 8, 8, 8, 8, 8, 8, 8, 8, 9, 8, 8, 8, 8, 8, 8, 8, 8, 9, 8, 8, 8, 8, 8, 8, 8, 8, 8, 8, 10, 8, 8, 8, 9, 2, 8, 8, 8, 8, 8, 8, 8, 9, 8, 8, 8, 8, 8, 8, 8, 8, 8, 8, 8, 10, 8, 8, 8, 8, 8, 10, 0, 8, 8, 8, 8, 8, 9, 8, 8, 8, 8, 0]"
0,[-3 -2 -4  2 -3 -2  1  3 -1 -1  4  2],21,1,0.33,"[8, 8, 8, 10, 10, 8, 8, 8, 8, 8, 8, 0, 8, 8, 8, 8, 8, 6, 8, 8, 2, 8, 1, 8, 8, 8, 8, 8, 8, 9, 8, 8, 8, 8, 8, 9, 8, 8, 8, 8, 8, 8, 8, 8, 8, 8, 8, 8, 8, 8, 8, 1, 8, 8, 8, 8, 8, 6, 8, 0, 8, 8, 8, 8, 8, 0, 0]"
0,[-3 -2 -4  2 -3 -2  1  3 -1 -1  4  2],21,4,-0.74,"[8, 8, 8, 8, 8, 8, 8, 8, 9, 9, 8, 8, 9, 8, 9, 8, 8, 8, 8, 8, 0, 8, 8, 8, 9, 8, 9, 8, 8, 8, 10, 10, 8, 8, 8, 8, 8, 8, 8, 10, 10, 8, 8, 8, 8, 0, 8, 8, 8, 8, 9, 8, 8, 8, 8, 8, 8, 9, 8, 8, 8, 8, 8, 8, 8, 8, 8, 8, 8, 8, 8, 8, 8, 8, 8, 8, 9, 8, 8, 6, 9, 8, 6, 8, 8, 8, 6, 8, 8, 8, 8, 8, 1, 8, 8, 8, 8, 8, 8, 8, 8, 9, 8, 0, 8, 9, 8, 8, 8, 10, 8, 1, 8, 8, 8, 8, 8, 8, 6, 6, 8, 8, 8, 8, 8, 10, 8, 8, 8, 8, 8, 8, 8, 8, 8, 8, 8, 8, 8, 8, 8, 8, 8, 8, 8, 8, 8, 10, 8, 8, 8, 8, 8, 8, 8, 8, 8, 8, 8, 1, 8, 8, 8, 8, 8, 8, 1, 6, 8, 8, 8, 8, 8, 0]"
0,[-3 -2 -4  2 -3 -2  1  3 -1 -1  4  2],21,6,0.04,"[9, 6, 10, 8, 1, 8, 8, 8, 8, 8, 0, 8, 8, 8, 8, 8, 10, 8, 8, 8, 8, 8, 8, 6, 8, 8, 8, 8, 8, 8, 8, 8, 8, 1, 8, 8, 1, 8, 8, 8, 8, 8, 8, 8, 8, 8, 9, 8, 8, 10, 9, 8, 8, 8, 8, 6, 10, 8, 8, 8, 10, 8, 9, 8, 10, 6, 8, 8, 8, 8, 8, 0, 8, 8, 8, 1, 8, 8, 8, 8, 10, 8, 8, 0, 8, 8, 8, 10, 10, 8, 8, 10, 8, 8, 8, 0]"
0,[-3 -2 -4  2 -3 -2  1  3 -1 -1  4  2],21,9,-0.37,"[9, 8, 8, 8, 8, 0, 8, 8, 8, 8, 8, 9, 10, 10, 8, 8, 8, 8, 6, 8, 10, 8, 8, 0, 8, 8, 8, 8, 8, 6, 8, 8, 10, 9, 8, 10, 8, 8, 9, 8, 8, 8, 8, 8, 8, 8, 8, 8, 8, 9, 8, 8, 8, 8, 8, 8, 8, 1, 9, 8, 9, 8, 1, 8, 8, 10, 1, 8, 8, 8, 9, 8, 10, 8, 8, 8, 8, 8, 9, 10, 8, 8, 8, 8, 8, 8, 6, 8, 6, 8, 8, 8, 8, 8, 8, 8, 6, 1, 8, 8, 8, 8, 6, 8, 8, 8, 8, 8, 8, 8, 8, 8, 1, 8, 9, 8, 10, 8, 8, 1, 8, 8, 8, 8, 8, 9, 8, 8, 0, 8, 9, 9, 8, 1, 6, 8, 0]"
0,[-3 -2 -4  2 -3 -2  1  3 -1 -1  4  2],21,14,0.21,"[8, 8, 8, 8, 8, 8, 8, 8, 8, 8, 8, 8, 10, 8, 8, 8, 8, 8, 9, 9, 8, 8, 8, 8, 8, 8, 8, 9, 8, 8, 9, 8, 8, 8, 9, 8, 8, 10, 8, 8, 8, 8, 0, 8, 8, 8, 8, 8, 8, 8, 8, 8, 8, 8, 8, 8, 8, 8, 8, 0, 8, 8, 8, 8, 6, 8, 8, 8, 0, 9, 8, 8, 8, 8, 8, 8, 8, 8, 0]"
